<?xml version="1.0" encoding="UTF-8"?>
<Configuration status="INFO">
    <!-- Logging Properties -->
    <Properties>
        <Property name="LOG_PATTERN">%d{HH:mm:ss.SSS} [%-5level] %c{1}@%F:%L - %msg%n</Property>
    </Properties>

    <!-- Appenders -->
    <Appenders>
        <Console name="console" target="SYSTEM_OUT">
            <PatternLayout pattern="${LOG_PATTERN}" />
        </Console>

        <RollingFile name="log" fileName="log/log.log"
            filePattern="log/log-%d{yyyy-MM-dd}.log">
            <PatternLayout pattern="${LOG_PATTERN}" />
            <Policies>
                <TimeBasedTriggeringPolicy interval="1" modulate="true" />
            </Policies>
            <DefaultRolloverStrategy>
                <Delete basePath="log" maxDepth="1">
                    <IfFileName glob="log-*.log">
                        <IfAny>
                            <IfAccumulatedFileCount exceeds="90" />
                        </IfAny>
                    </IfFileName>
                </Delete>
            </DefaultRolloverStrategy>
        </RollingFile>
    </Appenders>
    <Loggers>
        <Root level="trace" additivity="false">
            <AppenderRef ref="console" />
            <AppenderRef ref="log" />
        </Root>
<!--
        <Logger name="log" level="debug" additivity="false">
            <AppenderRef ref="log" />
        </Logger>
-->
        <Logger name="org.comtel2000" level="error"/>
    </Loggers>
</Configuration>
